Headings,Strong Words
Trending Categories,Account & List
Televisions,$0 USD
Beauty and Personal Care,
Tablets,
Exclusive Discounts,
Food Preparation,
Official Warranty,
Express Delivery,
Secure Payment,
Live Support,
Heading,
Apple Airpods 4 Wireless Active Noise Cancellation - White,
"Dyson Pro Hair Dryer (360° Rotating, 3 Speeds)",
Instax Mini 12 Instant Camera - White,
"Hi-Brew, Coffee Maker 1550W, 19Bar 2.8L Capacity,",
QLED TVs,
Soundbar and Speakers,
Laptops,
Wearable Tech,
Smartphones,
OLED TVs,
Heaters,
Wireless Audio,
Air Fryers,
Garment Care,
Washers,
Dryers,
"LG LED 43"" FULL HD HDR SMART TV LM6370 SERIES",
SAMSUNG 43'' CRYSTAL UHD DU7000 4K TIZEN OS SMART TV,
"TCL Frameless 43"" Full HD HDR Smart Android TV",
"TCL Frameless 40"" Full HD HDR Smart Android TV",
"TCL Frameless 32"" Full HD HDR Smart Android TV",
LG 70 Inch LG UHD AI UT80 4K Smart TV AI Magic Remote,
"TCL MINI LED 65"" 4K SMART GOOGLE TV",
"SONY 55"" 4K Ultra Smart LED",
"SONY OLED 55"" 4K SMART ANDROID TV",
"SONY LED 65"" 4K LED WITH SMART Google TV",
Grundig  Hair Dryer 2300W (Black),
Grundig Hair Styler for Straightening and Curling,
Braun Silk-épil  Wet & Dry epilator with 4 extras incl.,
Grundig Cordless Hair Straightener 200°C,
Grundig Mini Hair Straightener,
Grundig Cordless Hair Curler,
Braun Epilator Series 5 Facial Cleaning,
Grundig Hair Dryer 2200w Ionic Hair Dryer,
Valera Professional Hair Crimper for Volume and Texture,
Dyson Supersonic Hair Dryer styling attachments,
"SAMSUNG Galaxy Tab S9 FE- 10.9""- 8GB- 256GB Storage - Green",
OSCAL PAD 7- 4GB- 128GB STORAGE - Misty Grey,
"iPad 10.9"" 256GB - Blue",
"SAMSUNG Galaxy Tab S9 FE+ 12.4""- 8GB- 128GB Starage - Silver",
"SAMSUNG Galaxy Tab A9- 11""- 8GB- 128GB STORAGE - Grey",
OSCAL PAD 70- 4GB- 128GB STORAGE - Blue,
OSCAL PAD 70- 4GB- 128GB STORAGE - Grey,
OSCAL PAD 13- 8GB- 256GB STORAGE - Space Gray,
OSCAL PAD 16- 8GB- 256GB STORAGE - Sierra Blue,
KitchenAid 2 Speed Hand Blender 180 Watts Red,
"Ninja, Foodi Health Grill & Air Fryer, 1760W",
"Ninja, 3-In-1 Hand Blender, 850W",
"Ninja, Dual Zone Air Fryer, 7.6 L",
Gorenje Hand Blender Set 1000w Stainless Steel,
SuperChef Food Processor 800w 2 L 3 Speeds,
"Sage, Bakery Boss Stand Mixer Stainless Steel",
"Sage, Kitchen Wizz Food Processor 15 Pro",
KitchenAid 14  3.3 L Cup Food Processor 300 watt White,
